ticket_id,date,arm,request_type,handling_minutes,draft_outcome,agent_caught_error,reopened_within_7_days
M-01,2026-08-24,manual,refund_status,6,n/a,n/a,no
M-02,2026-08-25,manual,refund_status,7,n/a,n/a,no
M-03,2026-08-26,manual,refund_status,8,n/a,n/a,no
M-04,2026-08-27,manual,refund_status,7,n/a,n/a,no
M-05,2026-08-28,manual,refund_status,6,n/a,n/a,no
M-06,2026-08-31,manual,start_return,9,n/a,n/a,no
M-07,2026-09-01,manual,start_return,10,n/a,n/a,no
M-08,2026-09-02,manual,start_return,8,n/a,n/a,no
M-09,2026-09-03,manual,start_return,11,n/a,n/a,no
M-10,2026-09-04,manual,exchange,10,n/a,n/a,no
M-11,2026-08-24,manual,exchange,9,n/a,n/a,no
M-12,2026-08-25,manual,label,7,n/a,n/a,no
M-13,2026-08-26,manual,label,6,n/a,n/a,no
M-14,2026-08-27,manual,policy_question,12,n/a,n/a,yes
M-15,2026-08-28,manual,policy_question,10,n/a,n/a,no
M-16,2026-08-31,manual,policy_question,11,n/a,n/a,no
M-17,2026-09-01,manual,escalation,13,n/a,n/a,no
M-18,2026-09-02,manual,escalation,12,n/a,n/a,yes
M-19,2026-09-03,manual,escalation,15,n/a,n/a,no
M-20,2026-09-04,manual,escalation,11,n/a,n/a,no
A-01,2026-08-27,assisted,refund_status,4,used_as_is,none,no
A-02,2026-08-28,assisted,refund_status,3,used_as_is,none,no
A-03,2026-08-31,assisted,refund_status,5,edited,none,no
A-04,2026-09-01,assisted,refund_status,4,used_as_is,none,yes
A-05,2026-09-02,assisted,refund_status,4,used_as_is,none,no
A-06,2026-09-03,assisted,refund_status,6,used_as_is,none,no
A-07,2026-08-27,assisted,start_return,9,edited,wrong_amount,no
A-08,2026-08-24,assisted,start_return,6,used_as_is,none,no
A-09,2026-08-25,assisted,start_return,7,edited,none,no
A-10,2026-08-26,assisted,start_return,6,used_as_is,none,no
A-11,2026-08-27,assisted,exchange,7,edited,none,no
A-12,2026-08-28,assisted,label,3,used_as_is,none,no
A-13,2026-08-31,assisted,label,4,used_as_is,none,no
A-14,2026-09-01,assisted,policy_question,9,edited,wrong_tone,no
A-15,2026-09-02,assisted,policy_question,13,discarded,none,yes
A-16,2026-09-03,assisted,policy_question,10,edited,none,no
A-17,2026-09-04,assisted,escalation,14,edited,none,no
A-18,2026-08-24,assisted,escalation,16,discarded,none,yes
A-19,2026-08-25,assisted,escalation,12,edited,none,no
A-20,2026-08-26,assisted,escalation,15,discarded,none,no
